{"cameraMode":{"drawMode":0,"name":"Shaded","section":"Shading Mode"},"sceneLighting":false,"audioPlay":false,"sceneViewState":{"m_AlwaysRefresh":false,"showFog":true,"showSkybox":false,"showFlares":true,"showImageEffects":true,"showParticleSystems":true,"showVisualEffectGraphs":true,"m_FxEnabled":true},"in2DMode":false,"pivot":{"x":0.029100492596626283,"y":1.4860351085662842,"z":-0.06483152508735657},"rotation":{"x":0.08982034027576447,"y":0.03584657609462738,"z":-0.0032349296379834415,"w":0.9953078627586365},"size":0.2967550754547119,"orthographic":false}